DIA  , DESAYUNO  , COLACION_MATUTINA  , COMIDA_ENTRADA  , COMIDA_ENTRADA  , COMIDA_PRINCIPAL  , COMIDA_PRINCIPAL  , COLACION_VESPERTINA  , CENA  , EQUIVALENTEAZUCARESCONGRASA , EQUIVALENTEAZUCARESSINGRASA , EQUIVALENTEACEITESYGRASASCONPROTEINAS , EQUIVALENTEACEITESYGRASAS , CALCIOMG , EQUIVALENTEVERDURAS , COLESTEROLMG , EQUIVALENTEAOAMUYBAJOSENGRASA , SODIOMG , AGSATURADOSG , KILOCALORIAS , EQUIVALENTEAOAALTOENGRASA , FIBRAG , HIERROMG , EQUIVALENTEFRUTAS , EQUIVALENTELEGUMINOSAS , EQUIVALENTECEREALESSINGRASA , EQUIVALENTELECHEENTERA , EQUIVALENTECEREALESCONGRASA , EQUIVALENTELECHECONAZUCAR , ACIDOFOLICOG , EQUIVALENTEAOABAJOENGRASA , EQUIVALENTEAOAMODERADOSENGRASA
1 , 57 , 99 , 132 , 117 , 156 , 149 , 192 , 260 , " (0,0) [0,1] " , " (1.16667,1.16667) [3,4] " , " (0,0) [1,2] " , " (4.8,4.8) [3,4] " , " (602.443,602.443) [30000,52000] " , " (4.41667,4.41667) [1,3] " , " (302.343,302.343) [50,455] " , " (3.71429,3.71429) [1,2] " , " (2083.56,2083.56) [1000,4000] " , " (2.24,2.24) [0,7] " , " (2185.18,2185.18) [2000,2350] " , " (1.6,1.6) [1,2] " , " (37.3052,37.3052) [15,30] " , " (14.0119,14.0119) [440,720] " , " (2.78571,2.78571) [2,4] " , " (2.28571,2.28571) [1,2] " , " (9.5,9.5) [8,9] " , " (0,0) [1,2] " , " (2.66667,2.66667) [2,3] " , " (0,0) [0,1] " , " (326.707,326.707) [6000,32000] " , " (2,2) [1,2] " , " (1,1) [1,2] "
2 , 66 , 96 , 131 , 134 , 185 , 151 , 235 , 272 , " (0,0) [0,1] " , " (1.33333,1.33333) [3,4] " , " (0.666667,0.666667) [1,2] " , " (2.7,2.7) [3,4] " , " (697.4,697.4) [30000,52000] " , " (2.48,2.48) [1,3] " , " (258.875,258.875) [50,455] " , " (1,1) [1,2] " , " (2298.01,2298.01) [1000,4000] " , " (1.54,1.54) [0,7] " , " (2167.76,2167.76) [2000,2350] " , " (0,0) [1,2] " , " (32.5007,32.5007) [15,30] " , " (12.27,12.27) [440,720] " , " (2.76,2.76) [2,4] " , " (2.16,2.16) [1,2] " , " (10.4,10.4) [8,9] " , " (0.75,0.75) [1,2] " , " (2,2) [2,3] " , " (0,0) [0,1] " , " (221.193,221.193) [6000,32000] " , " (4,4) [1,2] " , " (1.5,1.5) [1,2] "
3 , 20 , 113 , 130 , 124 , 152 , 163 , 206 , 260 , " (0,0) [0,1] " , " (2.33333,2.33333) [3,4] " , " (0.0714286,0.0714286) [1,2] " , " (4.58333,4.58333) [3,4] " , " (725.443,725.443) [30000,52000] " , " (4,4) [1,3] " , " (226.018,226.018) [50,455] " , " (1.33333,1.33333) [1,2] " , " (2566.85,2566.85) [1000,4000] " , " (6.08571,6.08571) [0,7] " , " (2123.57,2123.57) [2000,2350] " , " (2,2) [1,2] " , " (26.9175,26.9175) [15,30] " , " (15.986,15.986) [440,720] " , " (3.29167,3.29167) [2,4] " , " (1.5,1.5) [1,2] " , " (6.69,6.69) [8,9] " , " (0.75,0.75) [1,2] " , " (3,3) [2,3] " , " (0,0) [0,1] " , " (201.791,201.791) [6000,32000] " , " (4,4) [1,2] " , " (1.76667,1.76667) [1,2] "
4 , 20 , 84 , 133 , 127 , 181 , 175 , 227 , 246 , " (0,0) [0,1] " , " (2,2) [3,4] " , " (1,1) [1,2] " , " (4,4) [3,4] " , " (994.777,994.777) [30000,52000] " , " (3.7,3.7) [1,3] " , " (177.008,177.008) [50,455] " , " (3,3) [1,2] " , " (3433.69,3433.69) [1000,4000] " , " (3.9,3.9) [0,7] " , " (2217.28,2217.28) [2000,2350] " , " (1.66667,1.66667) [1,2] " , " (25.3083,25.3083) [15,30] " , " (14.8367,14.8367) [440,720] " , " (2,2) [2,4] " , " (1.5,1.5) [1,2] " , " (10.9,10.9) [8,9] " , " (0.75,0.75) [1,2] " , " (3,3) [2,3] " , " (0,0) [0,1] " , " (159.307,159.307) [6000,32000] " , " (1.5,1.5) [1,2] " , " (1.66667,1.66667) [1,2] "
5 , 11 , 112 , 118 , 129 , 143 , 147 , 193 , 260 , " (0,0) [0,1] " , " (3,3) [3,4] " , " (0,0) [1,2] " , " (4.58333,4.58333) [3,4] " , " (669.31,669.31) [30000,52000] " , " (4.42667,4.42667) [1,3] " , " (425.817,425.817) [50,455] " , " (4,4) [1,2] " , " (4222.35,4222.35) [1000,4000] " , " (4.38333,4.38333) [0,7] " , " (2215.26,2215.26) [2000,2350] " , " (1.6,1.6) [1,2] " , " (34.885,34.885) [15,30] " , " (12.9,12.9) [440,720] " , " (2.11667,2.11667) [2,4] " , " (2.25,2.25) [1,2] " , " (9.3,9.3) [8,9] " , " (1,1) [1,2] " , " (2,2) [2,3] " , " (0,0) [0,1] " , " (118.787,118.787) [6000,32000] " , " (2,2) [1,2] " , " (1.5,1.5) [1,2] "
6 , 57 , 99 , 117 , 125 , 149 , 156 , 192 , 260 , " (0,0) [0,1] " , " (1.16667,1.16667) [3,4] " , " (0,0) [1,2] " , " (4.8,4.8) [3,4] " , " (605.443,605.443) [30000,52000] " , " (4.51667,4.51667) [1,3] " , " (302.343,302.343) [50,455] " , " (3.71429,3.71429) [1,2] " , " (2081.11,2081.11) [1000,4000] " , " (2.24,2.24) [0,7] " , " (2184.79,2184.79) [2000,2350] " , " (1.6,1.6) [1,2] " , " (35.4824,35.4824) [15,30] " , " (13.9119,13.9119) [440,720] " , " (2.78571,2.78571) [2,4] " , " (2,2) [1,2] " , " (10,10) [8,9] " , " (0,0) [1,2] " , " (2.66667,2.66667) [2,3] " , " (0,0) [0,1] " , " (338.657,338.657) [6000,32000] " , " (2,2) [1,2] " , " (1,1) [1,2] "
7 , 20 , 84 , 134 , 132 , 180 , 160 , 227 , 246 , " (1,1) [0,1] " , " (2.33333,2.33333) [3,4] " , " (1,1) [1,2] " , " (4,4) [3,4] " , " (944.727,944.727) [30000,52000] " , " (3.6,3.6) [1,3] " , " (167.908,167.908) [50,455] " , " (3.5,3.5) [1,2] " , " (2638.91,2638.91) [1000,4000] " , " (3.9,3.9) [0,7] " , " (2259.62,2259.62) [2000,2350] " , " (1,1) [1,2] " , " (26.1912,26.1912) [15,30] " , " (11.695,11.695) [440,720] " , " (1.25,1.25) [2,4] " , " (1.78571,1.78571) [1,2] " , " (10.9,10.9) [8,9] " , " (0.75,0.75) [1,2] " , " (3,3) [2,3] " , " (0,0) [0,1] " , " (100.062,100.062) [6000,32000] " , " (1.75,1.75) [1,2] " , " (1.66667,1.66667) [1,2] "
8 , 66 , 113 , 121 , 128 , 185 , 151 , 235 , 285 , " (0,0) [0,1] " , " (1.33333,1.33333) [3,4] " , " (0.666667,0.666667) [1,2] " , " (3.45,3.45) [3,4] " , " (705.3,705.3) [30000,52000] " , " (2.63667,2.63667) [1,3] " , " (273.185,273.185) [50,455] " , " (1.33333,1.33333) [1,2] " , " (3219.58,3219.58) [1000,4000] " , " (2.14,2.14) [0,7] " , " (2214.01,2214.01) [2000,2350] " , " (0,0) [1,2] " , " (35.0528,35.0528) [15,30] " , " (11.9027,11.9027) [440,720] " , " (3.09333,3.09333) [2,4] " , " (2.51714,2.51714) [1,2] " , " (9.19,9.19) [8,9] " , " (0.75,0.75) [1,2] " , " (3,3) [2,3] " , " (0,0) [0,1] " , " (143.57,143.57) [6000,32000] " , " (4,4) [1,2] " , " (1.6,1.6) [1,2] "
9 , 20 , 113 , 124 , 130 , 163 , 152 , 206 , 260 , " (0,0) [0,1] " , " (2.33333,2.33333) [3,4] " , " (0.0714286,0.0714286) [1,2] " , " (4.58333,4.58333) [3,4] " , " (725.443,725.443) [30000,52000] " , " (4,4) [1,3] " , " (226.018,226.018) [50,455] " , " (1.33333,1.33333) [1,2] " , " (2566.85,2566.85) [1000,4000] " , " (6.08571,6.08571) [0,7] " , " (2123.57,2123.57) [2000,2350] " , " (2,2) [1,2] " , " (26.9175,26.9175) [15,30] " , " (15.986,15.986) [440,720] " , " (3.29167,3.29167) [2,4] " , " (1.5,1.5) [1,2] " , " (6.69,6.69) [8,9] " , " (0.75,0.75) [1,2] " , " (3,3) [2,3] " , " (0,0) [0,1] " , " (201.791,201.791) [6000,32000] " , " (4,4) [1,2] " , " (1.76667,1.76667) [1,2] "
10 , 20 , 84 , 127 , 118 , 175 , 181 , 227 , 246 , " (0,0) [0,1] " , " (2,2) [3,4] " , " (1,1) [1,2] " , " (4,4) [3,4] " , " (993.877,993.877) [30000,52000] " , " (3.6,3.6) [1,3] " , " (177.008,177.008) [50,455] " , " (3,3) [1,2] " , " (3434.49,3434.49) [1000,4000] " , " (3.9,3.9) [0,7] " , " (2218.48,2218.48) [2000,2350] " , " (1.66667,1.66667) [1,2] " , " (25.7583,25.7583) [15,30] " , " (15.2367,15.2367) [440,720] " , " (2,2) [2,4] " , " (1.5,1.5) [1,2] " , " (10.9,10.9) [8,9] " , " (0.75,0.75) [1,2] " , " (3,3) [2,3] " , " (0,0) [0,1] " , " (164.567,164.567) [6000,32000] " , " (1.5,1.5) [1,2] " , " (1.66667,1.66667) [1,2] "
11 , 11 , 112 , 133 , 131 , 143 , 147 , 193 , 260 , " (0,0) [0,1] " , " (3,3) [3,4] " , " (0,0) [1,2] " , " (4.58333,4.58333) [3,4] " , " (670.21,670.21) [30000,52000] " , " (4.53667,4.53667) [1,3] " , " (425.817,425.817) [50,455] " , " (4,4) [1,2] " , " (4221.45,4221.45) [1000,4000] " , " (4.38333,4.38333) [0,7] " , " (2213.29,2213.29) [2000,2350] " , " (1.6,1.6) [1,2] " , " (34.435,34.435) [15,30] " , " (12.5,12.5) [440,720] " , " (2.11667,2.11667) [2,4] " , " (2.25,2.25) [1,2] " , " (9.3,9.3) [8,9] " , " (1,1) [1,2] " , " (2,2) [2,3] " , " (0,0) [0,1] " , " (113.527,113.527) [6000,32000] " , " (2,2) [1,2] " , " (1.5,1.5) [1,2] "
12 , 57 , 99 , 134 , 117 , 156 , 149 , 192 , 260 , " (0,0) [0,1] " , " (1.16667,1.16667) [3,4] " , " (0,0) [1,2] " , " (4.8,4.8) [3,4] " , " (605.443,605.443) [30000,52000] " , " (4.61667,4.61667) [1,3] " , " (302.343,302.343) [50,455] " , " (3.71429,3.71429) [1,2] " , " (2080.98,2080.98) [1000,4000] " , " (2.24,2.24) [0,7] " , " (2186.59,2186.59) [2000,2350] " , " (1.6,1.6) [1,2] " , " (35.6224,35.6224) [15,30] " , " (13.9119,13.9119) [440,720] " , " (2.78571,2.78571) [2,4] " , " (2,2) [1,2] " , " (10,10) [8,9] " , " (0,0) [1,2] " , " (2.66667,2.66667) [2,3] " , " (0,0) [0,1] " , " (341.027,341.027) [6000,32000] " , " (2,2) [1,2] " , " (1,1) [1,2] "
13 , 20 , 84 , 125 , 132 , 180 , 160 , 227 , 246 , " (1,1) [0,1] " , " (2.33333,2.33333) [3,4] " , " (1,1) [1,2] " , " (4,4) [3,4] " , " (944.727,944.727) [30000,52000] " , " (3.5,3.5) [1,3] " , " (167.908,167.908) [50,455] " , " (3.5,3.5) [1,2] " , " (2639.04,2639.04) [1000,4000] " , " (3.9,3.9) [0,7] " , " (2257.82,2257.82) [2000,2350] " , " (1,1) [1,2] " , " (26.0512,26.0512) [15,30] " , " (11.695,11.695) [440,720] " , " (1.25,1.25) [2,4] " , " (1.78571,1.78571) [1,2] " , " (10.9,10.9) [8,9] " , " (0.75,0.75) [1,2] " , " (3,3) [2,3] " , " (0,0) [0,1] " , " (97.6917,97.6917) [6000,32000] " , " (1.75,1.75) [1,2] " , " (1.66667,1.66667) [1,2] "
14 , 57 , 92 , 129 , 135 , 137 , 151 , 192 , 260 , " (0,0) [0,1] " , " (1.16667,1.16667) [3,4] " , " (0,0) [1,2] " , " (5.51667,5.51667) [3,4] " , " (658.81,658.81) [30000,52000] " , " (2.08667,2.08667) [1,3] " , " (424.687,424.687) [50,455] " , " (2,2) [1,2] " , " (2378.76,2378.76) [1000,4000] " , " (6.68,6.68) [0,7] " , " (2194.68,2194.68) [2000,2350] " , " (1,1) [1,2] " , " (37.0228,37.0228) [15,30] " , " (14.1433,14.1433) [440,720] " , " (3.30532,3.30532) [2,4] " , " (2.5,2.5) [1,2] " , " (9.75,9.75) [8,9] " , " (0,0) [1,2] " , " (2.66667,2.66667) [2,3] " , " (0,0) [0,1] " , " (191.961,191.961) [6000,32000] " , " (4,4) [1,2] " , " (1.2,1.2) [1,2] "
15 , 20 , 113 , 130 , 124 , 152 , 163 , 206 , 260 , " (0,0) [0,1] " , " (2.33333,2.33333) [3,4] " , " (0.0714286,0.0714286) [1,2] " , " (4.58333,4.58333) [3,4] " , " (725.443,725.443) [30000,52000] " , " (4,4) [1,3] " , " (226.018,226.018) [50,455] " , " (1.33333,1.33333) [1,2] " , " (2566.85,2566.85) [1000,4000] " , " (6.08571,6.08571) [0,7] " , " (2123.57,2123.57) [2000,2350] " , " (2,2) [1,2] " , " (26.9175,26.9175) [15,30] " , " (15.986,15.986) [440,720] " , " (3.29167,3.29167) [2,4] " , " (1.5,1.5) [1,2] " , " (6.69,6.69) [8,9] " , " (0.75,0.75) [1,2] " , " (3,3) [2,3] " , " (0,0) [0,1] " , " (201.791,201.791) [6000,32000] " , " (4,4) [1,2] " , " (1.76667,1.76667) [1,2] "
16 , 20 , 84 , 127 , 118 , 175 , 181 , 227 , 246 , " (0,0) [0,1] " , " (2,2) [3,4] " , " (1,1) [1,2] " , " (4,4) [3,4] " , " (993.877,993.877) [30000,52000] " , " (3.6,3.6) [1,3] " , " (177.008,177.008) [50,455] " , " (3,3) [1,2] " , " (3434.49,3434.49) [1000,4000] " , " (3.9,3.9) [0,7] " , " (2218.48,2218.48) [2000,2350] " , " (1.66667,1.66667) [1,2] " , " (25.7583,25.7583) [15,30] " , " (15.2367,15.2367) [440,720] " , " (2,2) [2,4] " , " (1.5,1.5) [1,2] " , " (10.9,10.9) [8,9] " , " (0.75,0.75) [1,2] " , " (3,3) [2,3] " , " (0,0) [0,1] " , " (164.567,164.567) [6000,32000] " , " (1.5,1.5) [1,2] " , " (1.66667,1.66667) [1,2] "
17 , 57 , 99 , 117 , 134 , 149 , 156 , 192 , 260 , " (0,0) [0,1] " , " (1.16667,1.16667) [3,4] " , " (0,0) [1,2] " , " (4.8,4.8) [3,4] " , " (605.443,605.443) [30000,52000] " , " (4.61667,4.61667) [1,3] " , " (302.343,302.343) [50,455] " , " (3.71429,3.71429) [1,2] " , " (2080.98,2080.98) [1000,4000] " , " (2.24,2.24) [0,7] " , " (2186.59,2186.59) [2000,2350] " , " (1.6,1.6) [1,2] " , " (35.6224,35.6224) [15,30] " , " (13.9119,13.9119) [440,720] " , " (2.78571,2.78571) [2,4] " , " (2,2) [1,2] " , " (10,10) [8,9] " , " (0,0) [1,2] " , " (2.66667,2.66667) [2,3] " , " (0,0) [0,1] " , " (341.027,341.027) [6000,32000] " , " (2,2) [1,2] " , " (1,1) [1,2] "
18 , 11 , 112 , 133 , 131 , 143 , 147 , 193 , 260 , " (0,0) [0,1] " , " (3,3) [3,4] " , " (0,0) [1,2] " , " (4.58333,4.58333) [3,4] " , " (670.21,670.21) [30000,52000] " , " (4.53667,4.53667) [1,3] " , " (425.817,425.817) [50,455] " , " (4,4) [1,2] " , " (4221.45,4221.45) [1000,4000] " , " (4.38333,4.38333) [0,7] " , " (2213.29,2213.29) [2000,2350] " , " (1.6,1.6) [1,2] " , " (34.435,34.435) [15,30] " , " (12.5,12.5) [440,720] " , " (2.11667,2.11667) [2,4] " , " (2.25,2.25) [1,2] " , " (9.3,9.3) [8,9] " , " (1,1) [1,2] " , " (2,2) [2,3] " , " (0,0) [0,1] " , " (113.527,113.527) [6000,32000] " , " (2,2) [1,2] " , " (1.5,1.5) [1,2] "
19 , 20 , 84 , 125 , 132 , 180 , 160 , 227 , 246 , " (1,1) [0,1] " , " (2.33333,2.33333) [3,4] " , " (1,1) [1,2] " , " (4,4) [3,4] " , " (944.727,944.727) [30000,52000] " , " (3.5,3.5) [1,3] " , " (167.908,167.908) [50,455] " , " (3.5,3.5) [1,2] " , " (2639.04,2639.04) [1000,4000] " , " (3.9,3.9) [0,7] " , " (2257.82,2257.82) [2000,2350] " , " (1,1) [1,2] " , " (26.0512,26.0512) [15,30] " , " (11.695,11.695) [440,720] " , " (1.25,1.25) [2,4] " , " (1.78571,1.78571) [1,2] " , " (10.9,10.9) [8,9] " , " (0.75,0.75) [1,2] " , " (3,3) [2,3] " , " (0,0) [0,1] " , " (97.6917,97.6917) [6000,32000] " , " (1.75,1.75) [1,2] " , " (1.66667,1.66667) [1,2] "
20 , 66 , 113 , 121 , 128 , 185 , 151 , 235 , 285 , " (0,0) [0,1] " , " (1.33333,1.33333) [3,4] " , " (0.666667,0.666667) [1,2] " , " (3.45,3.45) [3,4] " , " (705.3,705.3) [30000,52000] " , " (2.63667,2.63667) [1,3] " , " (273.185,273.185) [50,455] " , " (1.33333,1.33333) [1,2] " , " (3219.58,3219.58) [1000,4000] " , " (2.14,2.14) [0,7] " , " (2214.01,2214.01) [2000,2350] " , " (0,0) [1,2] " , " (35.0528,35.0528) [15,30] " , " (11.9027,11.9027) [440,720] " , " (3.09333,3.09333) [2,4] " , " (2.51714,2.51714) [1,2] " , " (9.19,9.19) [8,9] " , " (0.75,0.75) [1,2] " , " (3,3) [2,3] " , " (0,0) [0,1] " , " (143.57,143.57) [6000,32000] " , " (4,4) [1,2] " , " (1.6,1.6) [1,2] "
21 , 20 , 113 , 120 , 130 , 163 , 152 , 206 , 260 , " (0,0) [0,1] " , " (2.33333,2.33333) [3,4] " , " (0.0714286,0.0714286) [1,2] " , " (4.58333,4.58333) [3,4] " , " (728.057,728.057) [30000,52000] " , " (3.46,3.46) [1,3] " , " (237.618,237.618) [50,455] " , " (2,2) [1,2] " , " (2562.9,2562.9) [1000,4000] " , " (6.08571,6.08571) [0,7] " , " (2144.63,2144.63) [2000,2350] " , " (2,2) [1,2] " , " (25.6788,25.6788) [15,30] " , " (16.1727,16.1727) [440,720] " , " (3.29167,3.29167) [2,4] " , " (1.5,1.5) [1,2] " , " (6.82333,6.82333) [8,9] " , " (0.75,0.75) [1,2] " , " (3,3) [2,3] " , " (0,0) [0,1] " , " (177.433,177.433) [6000,32000] " , " (4,4) [1,2] " , " (1.76667,1.76667) [1,2] "
22 , 57 , 99 , 117 , 118 , 149 , 156 , 192 , 260 , " (0,0) [0,1] " , " (1.16667,1.16667) [3,4] " , " (0,0) [1,2] " , " (4.8,4.8) [3,4] " , " (604.543,604.543) [30000,52000] " , " (4.41667,4.41667) [1,3] " , " (302.343,302.343) [50,455] " , " (3.71429,3.71429) [1,2] " , " (2314.18,2314.18) [1000,4000] " , " (2.24,2.24) [0,7] " , " (2184.89,2184.89) [2000,2350] " , " (1.6,1.6) [1,2] " , " (35.9024,35.9024) [15,30] " , " (14.3119,14.3119) [440,720] " , " (2.78571,2.78571) [2,4] " , " (2,2) [1,2] " , " (10,10) [8,9] " , " (0,0) [1,2] " , " (2.66667,2.66667) [2,3] " , " (0,0) [0,1] " , " (336.937,336.937) [6000,32000] " , " (2,2) [1,2] " , " (1,1) [1,2] "
23 , 20 , 84 , 129 , 124 , 181 , 175 , 227 , 246 , " (0,0) [0,1] " , " (2,2) [3,4] " , " (1,1) [1,2] " , " (4,4) [3,4] " , " (1019.08,1019.08) [30000,52000] " , " (2.81667,2.81667) [1,3] " , " (177.008,177.008) [50,455] " , " (3,3) [1,2] " , " (3414.81,3414.81) [1000,4000] " , " (3.9,3.9) [0,7] " , " (2212.92,2212.92) [2000,2350] " , " (1.66667,1.66667) [1,2] " , " (27.8917,27.8917) [15,30] " , " (15.0367,15.0367) [440,720] " , " (2,2) [2,4] " , " (2,2) [1,2] " , " (10.4,10.4) [8,9] " , " (0.75,0.75) [1,2] " , " (3,3) [2,3] " , " (0,0) [0,1] " , " (161.288,161.288) [6000,32000] " , " (1.5,1.5) [1,2] " , " (1.66667,1.66667) [1,2] "
24 , 11 , 112 , 125 , 131 , 143 , 147 , 193 , 260 , " (0,0) [0,1] " , " (3,3) [3,4] " , " (0,0) [1,2] " , " (4.58333,4.58333) [3,4] " , " (670.21,670.21) [30000,52000] " , " (4.53667,4.53667) [1,3] " , " (425.817,425.817) [50,455] " , " (4,4) [1,2] " , " (3989.18,3989.18) [1000,4000] " , " (4.38333,4.38333) [0,7] " , " (2214.39,2214.39) [2000,2350] " , " (1.6,1.6) [1,2] " , " (34.465,34.465) [15,30] " , " (12.5,12.5) [440,720] " , " (2.11667,2.11667) [2,4] " , " (2.25,2.25) [1,2] " , " (9.3,9.3) [8,9] " , " (1,1) [1,2] " , " (2,2) [2,3] " , " (0,0) [0,1] " , " (120.507,120.507) [6000,32000] " , " (2,2) [1,2] " , " (1.5,1.5) [1,2] "
25 , 20 , 84 , 132 , 134 , 160 , 180 , 227 , 246 , " (1,1) [0,1] " , " (2.33333,2.33333) [3,4] " , " (1,1) [1,2] " , " (4,4) [3,4] " , " (944.727,944.727) [30000,52000] " , " (3.6,3.6) [1,3] " , " (167.908,167.908) [50,455] " , " (3.5,3.5) [1,2] " , " (2638.91,2638.91) [1000,4000] " , " (3.9,3.9) [0,7] " , " (2259.62,2259.62) [2000,2350] " , " (1,1) [1,2] " , " (26.1912,26.1912) [15,30] " , " (11.695,11.695) [440,720] " , " (1.25,1.25) [2,4] " , " (1.78571,1.78571) [1,2] " , " (10.9,10.9) [8,9] " , " (0.75,0.75) [1,2] " , " (3,3) [2,3] " , " (0,0) [0,1] " , " (100.062,100.062) [6000,32000] " , " (1.75,1.75) [1,2] " , " (1.66667,1.66667) [1,2] "
26 , 11 , 107 , 133 , 121 , 151 , 185 , 235 , 284 , " (0,0) [0,1] " , " (2.33333,2.33333) [3,4] " , " (0,0) [1,2] " , " (3.2,3.2) [3,4] " , " (660.7,660.7) [30000,52000] " , " (2.43667,2.43667) [1,3] " , " (440.725,440.725) [50,455] " , " (0,0) [1,2] " , " (2713.32,2713.32) [1000,4000] " , " (1.34,1.34) [0,7] " , " (2024.73,2024.73) [2000,2350] " , " (0,0) [1,2] " , " (34.3926,34.3926) [15,30] " , " (10.1667,10.1667) [440,720] " , " (3.1,3.1) [2,4] " , " (2.32143,2.32143) [1,2] " , " (9.5,9.5) [8,9] " , " (1.05,1.05) [1,2] " , " (2.33333,2.33333) [2,3] " , " (0,0) [0,1] " , " (136.993,136.993) [6000,32000] " , " (4,4) [1,2] " , " (1.5,1.5) [1,2] "
27 , 20 , 113 , 130 , 128 , 152 , 163 , 206 , 260 , " (0,0) [0,1] " , " (2.33333,2.33333) [3,4] " , " (0.0714286,0.0714286) [1,2] " , " (4.58333,4.58333) [3,4] " , " (725.443,725.443) [30000,52000] " , " (3.6,3.6) [1,3] " , " (226.018,226.018) [50,455] " , " (1.33333,1.33333) [1,2] " , " (2588.23,2588.23) [1000,4000] " , " (6.08571,6.08571) [0,7] " , " (2152.75,2152.75) [2000,2350] " , " (2,2) [1,2] " , " (27.6104,27.6104) [15,30] " , " (15.986,15.986) [440,720] " , " (3.29167,3.29167) [2,4] " , " (1.78571,1.78571) [1,2] " , " (6.69,6.69) [8,9] " , " (0.75,0.75) [1,2] " , " (3,3) [2,3] " , " (0,0) [0,1] " , " (180.121,180.121) [6000,32000] " , " (4,4) [1,2] " , " (1.76667,1.76667) [1,2] "
28 , 57 , 99 , 118 , 117 , 156 , 149 , 192 , 260 , " (0,0) [0,1] " , " (1.16667,1.16667) [3,4] " , " (0,0) [1,2] " , " (4.8,4.8) [3,4] " , " (604.543,604.543) [30000,52000] " , " (4.41667,4.41667) [1,3] " , " (302.343,302.343) [50,455] " , " (3.71429,3.71429) [1,2] " , " (2314.18,2314.18) [1000,4000] " , " (2.24,2.24) [0,7] " , " (2184.89,2184.89) [2000,2350] " , " (1.6,1.6) [1,2] " , " (35.9024,35.9024) [15,30] " , " (14.3119,14.3119) [440,720] " , " (2.78571,2.78571) [2,4] " , " (2,2) [1,2] " , " (10,10) [8,9] " , " (0,0) [1,2] " , " (2.66667,2.66667) [2,3] " , " (0,0) [0,1] " , " (336.937,336.937) [6000,32000] " , " (2,2) [1,2] " , " (1,1) [1,2] "
29 , 20 , 84 , 127 , 131 , 175 , 181 , 227 , 246 , " (0,0) [0,1] " , " (2,2) [3,4] " , " (1,1) [1,2] " , " (4,4) [3,4] " , " (1019.08,1019.08) [30000,52000] " , " (3.32667,3.32667) [1,3] " , " (177.008,177.008) [50,455] " , " (3,3) [1,2] " , " (3433.79,3433.79) [1000,4000] " , " (3.9,3.9) [0,7] " , " (2228.55,2228.55) [2000,2350] " , " (1.66667,1.66667) [1,2] " , " (28.6417,28.6417) [15,30] " , " (15.0367,15.0367) [440,720] " , " (2,2) [2,4] " , " (2,2) [1,2] " , " (10.4,10.4) [8,9] " , " (0.75,0.75) [1,2] " , " (3,3) [2,3] " , " (0,0) [0,1] " , " (148.388,148.388) [6000,32000] " , " (1.5,1.5) [1,2] " , " (1.66667,1.66667) [1,2] "
30 , 11 , 112 , 129 , 125 , 147 , 143 , 193 , 260 , " (0,0) [0,1] " , " (3,3) [3,4] " , " (0,0) [1,2] " , " (4.58333,4.58333) [3,4] " , " (670.21,670.21) [30000,52000] " , " (4.52667,4.52667) [1,3] " , " (425.817,425.817) [50,455] " , " (4,4) [1,2] " , " (3989.28,3989.28) [1000,4000] " , " (4.38333,4.38333) [0,7] " , " (2215.16,2215.16) [2000,2350] " , " (1.6,1.6) [1,2] " , " (34.465,34.465) [15,30] " , " (12.5,12.5) [440,720] " , " (2.11667,2.11667) [2,4] " , " (2.25,2.25) [1,2] " , " (9.3,9.3) [8,9] " , " (1,1) [1,2] " , " (2,2) [2,3] " , " (0,0) [0,1] " , " (120.507,120.507) [6000,32000] " , " (2,2) [1,2] " , " (1.5,1.5) [1,2] "
31 , 20 , 84 , 132 , 134 , 160 , 180 , 227 , 246 , " (1,1) [0,1] " , " (2.33333,2.33333) [3,4] " , " (1,1) [1,2] " , " (4,4) [3,4] " , " (944.727,944.727) [30000,52000] " , " (3.6,3.6) [1,3] " , " (167.908,167.908) [50,455] " , " (3.5,3.5) [1,2] " , " (2638.91,2638.91) [1000,4000] " , " (3.9,3.9) [0,7] " , " (2259.62,2259.62) [2000,2350] " , " (1,1) [1,2] " , " (26.1912,26.1912) [15,30] " , " (11.695,11.695) [440,720] " , " (1.25,1.25) [2,4] " , " (1.78571,1.78571) [1,2] " , " (10.9,10.9) [8,9] " , " (0.75,0.75) [1,2] " , " (3,3) [2,3] " , " (0,0) [0,1] " , " (100.062,100.062) [6000,32000] " , " (1.75,1.75) [1,2] " , " (1.66667,1.66667) [1,2] "
32 , 66 , 113 , 121 , 120 , 185 , 151 , 235 , 285 , " (0,0) [0,1] " , " (1.33333,1.33333) [3,4] " , " (0.666667,0.666667) [1,2] " , " (3.45,3.45) [3,4] " , " (707.913,707.913) [30000,52000] " , " (2.49667,2.49667) [1,3] " , " (284.785,284.785) [50,455] " , " (2,2) [1,2] " , " (3194.24,3194.24) [1000,4000] " , " (2.14,2.14) [0,7] " , " (2205.89,2205.89) [2000,2350] " , " (0,0) [1,2] " , " (33.1213,33.1213) [15,30] " , " (12.0893,12.0893) [440,720] " , " (3.09333,3.09333) [2,4] " , " (2.23143,2.23143) [1,2] " , " (9.32333,9.32333) [8,9] " , " (0.75,0.75) [1,2] " , " (3,3) [2,3] " , " (0,0) [0,1] " , " (140.882,140.882) [6000,32000] " , " (4,4) [1,2] " , " (1.6,1.6) [1,2] "
33 , 20 , 113 , 124 , 130 , 163 , 152 , 206 , 260 , " (0,0) [0,1] " , " (2.33333,2.33333) [3,4] " , " (0.0714286,0.0714286) [1,2] " , " (4.58333,4.58333) [3,4] " , " (725.443,725.443) [30000,52000] " , " (4,4) [1,3] " , " (226.018,226.018) [50,455] " , " (1.33333,1.33333) [1,2] " , " (2566.85,2566.85) [1000,4000] " , " (6.08571,6.08571) [0,7] " , " (2123.57,2123.57) [2000,2350] " , " (2,2) [1,2] " , " (26.9175,26.9175) [15,30] " , " (15.986,15.986) [440,720] " , " (3.29167,3.29167) [2,4] " , " (1.5,1.5) [1,2] " , " (6.69,6.69) [8,9] " , " (0.75,0.75) [1,2] " , " (3,3) [2,3] " , " (0,0) [0,1] " , " (201.791,201.791) [6000,32000] " , " (4,4) [1,2] " , " (1.76667,1.76667) [1,2] "
34 , 57 , 99 , 118 , 117 , 156 , 149 , 192 , 260 , " (0,0) [0,1] " , " (1.16667,1.16667) [3,4] " , " (0,0) [1,2] " , " (4.8,4.8) [3,4] " , " (604.543,604.543) [30000,52000] " , " (4.41667,4.41667) [1,3] " , " (302.343,302.343) [50,455] " , " (3.71429,3.71429) [1,2] " , " (2314.18,2314.18) [1000,4000] " , " (2.24,2.24) [0,7] " , " (2184.89,2184.89) [2000,2350] " , " (1.6,1.6) [1,2] " , " (35.9024,35.9024) [15,30] " , " (14.3119,14.3119) [440,720] " , " (2.78571,2.78571) [2,4] " , " (2,2) [1,2] " , " (10,10) [8,9] " , " (0,0) [1,2] " , " (2.66667,2.66667) [2,3] " , " (0,0) [0,1] " , " (336.937,336.937) [6000,32000] " , " (2,2) [1,2] " , " (1,1) [1,2] "
35 , 20 , 84 , 127 , 133 , 175 , 181 , 227 , 246 , " (0,0) [0,1] " , " (2,2) [3,4] " , " (1,1) [1,2] " , " (4,4) [3,4] " , " (994.777,994.777) [30000,52000] " , " (3.7,3.7) [1,3] " , " (177.008,177.008) [50,455] " , " (3,3) [1,2] " , " (3433.69,3433.69) [1000,4000] " , " (3.9,3.9) [0,7] " , " (2217.28,2217.28) [2000,2350] " , " (1.66667,1.66667) [1,2] " , " (25.3083,25.3083) [15,30] " , " (14.8367,14.8367) [440,720] " , " (2,2) [2,4] " , " (1.5,1.5) [1,2] " , " (10.9,10.9) [8,9] " , " (0.75,0.75) [1,2] " , " (3,3) [2,3] " , " (0,0) [0,1] " , " (159.307,159.307) [6000,32000] " , " (1.5,1.5) [1,2] " , " (1.66667,1.66667) [1,2] "
36 , 11 , 112 , 129 , 134 , 147 , 143 , 193 , 260 , " (0,0) [0,1] " , " (3,3) [3,4] " , " (0,0) [1,2] " , " (4.58333,4.58333) [3,4] " , " (670.21,670.21) [30000,52000] " , " (4.62667,4.62667) [1,3] " , " (425.817,425.817) [50,455] " , " (4,4) [1,2] " , " (3989.15,3989.15) [1000,4000] " , " (4.38333,4.38333) [0,7] " , " (2216.96,2216.96) [2000,2350] " , " (1.6,1.6) [1,2] " , " (34.605,34.605) [15,30] " , " (12.5,12.5) [440,720] " , " (2.11667,2.11667) [2,4] " , " (2.25,2.25) [1,2] " , " (9.3,9.3) [8,9] " , " (1,1) [1,2] " , " (2,2) [2,3] " , " (0,0) [0,1] " , " (122.877,122.877) [6000,32000] " , " (2,2) [1,2] " , " (1.5,1.5) [1,2] "
37 , 20 , 84 , 125 , 132 , 180 , 160 , 227 , 246 , " (1,1) [0,1] " , " (2.33333,2.33333) [3,4] " , " (1,1) [1,2] " , " (4,4) [3,4] " , " (944.727,944.727) [30000,52000] " , " (3.5,3.5) [1,3] " , " (167.908,167.908) [50,455] " , " (3.5,3.5) [1,2] " , " (2639.04,2639.04) [1000,4000] " , " (3.9,3.9) [0,7] " , " (2257.82,2257.82) [2000,2350] " , " (1,1) [1,2] " , " (26.0512,26.0512) [15,30] " , " (11.695,11.695) [440,720] " , " (1.25,1.25) [2,4] " , " (1.78571,1.78571) [1,2] " , " (10.9,10.9) [8,9] " , " (0.75,0.75) [1,2] " , " (3,3) [2,3] " , " (0,0) [0,1] " , " (97.6917,97.6917) [6000,32000] " , " (1.75,1.75) [1,2] " , " (1.66667,1.66667) [1,2] "
38 , 66 , 96 , 122 , 131 , 137 , 185 , 192 , 272 , " (0,0) [0,1] " , " (0.666667,0.666667) [3,4] " , " (0.666667,0.666667) [1,2] " , " (2.95,2.95) [3,4] " , " (681.7,681.7) [30000,52000] " , " (2.99333,2.99333) [1,3] " , " (270.475,270.475) [50,455] " , " (1.66667,1.66667) [1,2] " , " (3254.09,3254.09) [1000,4000] " , " (1.64,1.64) [0,7] " , " (2192.31,2192.31) [2000,2350] " , " (0,0) [1,2] " , " (32.6527,32.6527) [15,30] " , " (11.1033,11.1033) [440,720] " , " (2.61294,2.61294) [2,4] " , " (2.16,2.16) [1,2] " , " (10.4,10.4) [8,9] " , " (0.75,0.75) [1,2] " , " (2,2) [2,3] " , " (0,0) [0,1] " , " (230.762,230.762) [6000,32000] " , " (4,4) [1,2] " , " (1.5,1.5) [1,2] "
39 , 20 , 113 , 120 , 130 , 163 , 152 , 206 , 260 , " (0,0) [0,1] " , " (2.33333,2.33333) [3,4] " , " (0.0714286,0.0714286) [1,2] " , " (4.58333,4.58333) [3,4] " , " (728.057,728.057) [30000,52000] " , " (3.46,3.46) [1,3] " , " (237.618,237.618) [50,455] " , " (2,2) [1,2] " , " (2562.9,2562.9) [1000,4000] " , " (6.08571,6.08571) [0,7] " , " (2144.63,2144.63) [2000,2350] " , " (2,2) [1,2] " , " (25.6788,25.6788) [15,30] " , " (16.1727,16.1727) [440,720] " , " (3.29167,3.29167) [2,4] " , " (1.5,1.5) [1,2] " , " (6.82333,6.82333) [8,9] " , " (0.75,0.75) [1,2] " , " (3,3) [2,3] " , " (0,0) [0,1] " , " (177.433,177.433) [6000,32000] " , " (4,4) [1,2] " , " (1.76667,1.76667) [1,2] "
40 , 57 , 99 , 118 , 117 , 156 , 149 , 192 , 260 , " (0,0) [0,1] " , " (1.16667,1.16667) [3,4] " , " (0,0) [1,2] " , " (4.8,4.8) [3,4] " , " (604.543,604.543) [30000,52000] " , " (4.41667,4.41667) [1,3] " , " (302.343,302.343) [50,455] " , " (3.71429,3.71429) [1,2] " , " (2314.18,2314.18) [1000,4000] " , " (2.24,2.24) [0,7] " , " (2184.89,2184.89) [2000,2350] " , " (1.6,1.6) [1,2] " , " (35.9024,35.9024) [15,30] " , " (14.3119,14.3119) [440,720] " , " (2.78571,2.78571) [2,4] " , " (2,2) [1,2] " , " (10,10) [8,9] " , " (0,0) [1,2] " , " (2.66667,2.66667) [2,3] " , " (0,0) [0,1] " , " (336.937,336.937) [6000,32000] " , " (2,2) [1,2] " , " (1,1) [1,2] "
